quiz_id,title,description,course_name,creator_id
1,zhihu.comhttps://www.zhihu.com,Auto-scraped quiz reference for Analysis of Archaeological Materials,Analysis of Archaeological Materials,1
2,zhihu.comhttps://www.zhihu.com › question,Auto-scraped quiz reference for Analysis of Archaeological Materials,Analysis of Archaeological Materials,1
3,reddit.comhttps://www.reddit.com › ChatGPTPro › comments › what_is_the_limit_f…,Auto-scraped quiz reference for Analysis of Archaeological Materials,Analysis of Archaeological Materials,1
4,reddit.comhttps://www.reddit.com,Auto-scraped quiz reference for Analysis of Archaeological Materials,Analysis of Archaeological Materials,1
5,reddit.comhttps://www.reddit.com › chess › comments › heres_how_to_use_liches…,Auto-scraped quiz reference for Analysis of Archaeological Materials,Analysis of Archaeological Materials,1
6,epa.govhttps://www.epa.gov,Auto-scraped quiz reference for Environmental Archaeology,Environmental Archaeology,1
7,epa.govhttps://www.epa.gov › in,Auto-scraped quiz reference for Environmental Archaeology,Environmental Archaeology,1
8,epa.govhttps://www.epa.gov › environmental-topics,Auto-scraped quiz reference for Environmental Archaeology,Environmental Archaeology,1
9,epa.govhttps://www.epa.gov › laws-regulations,Auto-scraped quiz reference for Environmental Archaeology,Environmental Archaeology,1
10,who.inthttps://www.who.int › health-topics › environmental-health,Auto-scraped quiz reference for Environmental Archaeology,Environmental Archaeology,1
11,dryfta.comhttps://2020forum.dryfta.com,"Auto-scraped quiz reference for Ethnography: Methods, Ethics, and Practice","Ethnography: Methods, Ethics, and Practice",1
12,dryfta.comhttps://2020forum.dryfta.com › de › register › passwordreset,"Auto-scraped quiz reference for Ethnography: Methods, Ethics, and Practice","Ethnography: Methods, Ethics, and Practice",1
13,dryfta.comhttps://2020forum.dryfta.com › de,"Auto-scraped quiz reference for Ethnography: Methods, Ethics, and Practice","Ethnography: Methods, Ethics, and Practice",1
14,dryfta.comhttps://2020forum.dryfta.com › speakers › session-recommendations,"Auto-scraped quiz reference for Ethnography: Methods, Ethics, and Practice","Ethnography: Methods, Ethics, and Practice",1
15,dryfta.comhttps://2020forum.dryfta.com,"Auto-scraped quiz reference for Ethnography: Methods, Ethics, and Practice","Ethnography: Methods, Ethics, and Practice",1
16,britannica.comhttps://www.britannica.com › science › anthropology,Auto-scraped quiz reference for Anthropology & the Museum,Anthropology & the Museum,1
17,britannica.comhttps://www.britannica.com › summary › anthropology,Auto-scraped quiz reference for Anthropology & the Museum,Anthropology & the Museum,1
18,britannica.comhttps://www.britannica.com › science › anthropology › The-major-branch…,Auto-scraped quiz reference for Anthropology & the Museum,Anthropology & the Museum,1
19,britannica.comhttps://www.britannica.com › science › anthropology › Social-and...,Auto-scraped quiz reference for Anthropology & the Museum,Anthropology & the Museum,1
20,britannica.comhttps://www.britannica.com › science › anthropology › History-of...,Auto-scraped quiz reference for Anthropology & the Museum,Anthropology & the Museum,1
21,internationaltrucks.comhttps://mexico.internationaltrucks.com,Auto-scraped quiz reference for International Development,International Development,1
22,internationaltrucks.comhttps://mexico.internationaltrucks.com › distribuidores,Auto-scraped quiz reference for International Development,International Development,1
23,internationaltrucks.comhttps://mexico.internationaltrucks.com › nosotros,Auto-scraped quiz reference for International Development,International Development,1
24,internationaltrucks.comhttps://mexico.internationaltrucks.com › camiones-de-carga,Auto-scraped quiz reference for International Development,International Development,1
25,internationaltrucks.comhttp://www.360.internationaltrucks.com,Auto-scraped quiz reference for International Development,International Development,1
26,public.comhttps://public.com,Auto-scraped quiz reference for Public Archaeology,Public Archaeology,1
27,public.comhttps://public.com › login,Auto-scraped quiz reference for Public Archaeology,Public Archaeology,1
28,public.comhttps://public.com › invest › stocks,Auto-scraped quiz reference for Public Archaeology,Public Archaeology,1
29,public.comhttps://public.com › about-us,Auto-scraped quiz reference for Public Archaeology,Public Archaeology,1
30,public.comhttps://public.com › high-yield-cash-account,Auto-scraped quiz reference for Public Archaeology,Public Archaeology,1
31,wikipedia.orghttps://en.m.wikipedia.org › wiki › Africa,Auto-scraped quiz reference for African American Historical Archaeology,African American Historical Archaeology,1
32,britannica.comhttps://www.britannica.com › place › Africa,Auto-scraped quiz reference for African American Historical Archaeology,African American Historical Archaeology,1
33,bbc.comhttps://www.bbc.com › news › world › africa,Auto-scraped quiz reference for African American Historical Archaeology,African American Historical Archaeology,1
34,history.comhttps://www.history.com › topics › africa,Auto-scraped quiz reference for African American Historical Archaeology,African American Historical Archaeology,1
35,nationalgeographic.orghttps://education.nationalgeographic.org › resource › africa...,Auto-scraped quiz reference for African American Historical Archaeology,African American Historical Archaeology,1
36,merriam-webster.comhttps://www.merriam-webster.com › dictionary › topic,Auto-scraped quiz reference for Topics in Anthropology,Topics in Anthropology,1
37,thoughtco.comhttps://www.thoughtco.com,Auto-scraped quiz reference for Topics in Anthropology,Topics in Anthropology,1
38,thoughtco.comhttps://www.thoughtco.com,Auto-scraped quiz reference for Topics in Anthropology,Topics in Anthropology,1
39,collinsdictionary.comhttps://www.collinsdictionary.com › dictionary › english › topic,Auto-scraped quiz reference for Topics in Anthropology,Topics in Anthropology,1
40,thoughtco.comhttps://www.thoughtco.com,Auto-scraped quiz reference for Topics in Anthropology,Topics in Anthropology,1
41,japan-guide.comhttps://www.japan-guide.com,"Auto-scraped quiz reference for Japan: Archaeology, Environmental History and Multicultural Perspectives","Japan: Archaeology, Environmental History and Multicultural Perspectives",1
42,japan-guide.comhttps://www.japan-guide.com,"Auto-scraped quiz reference for Japan: Archaeology, Environmental History and Multicultural Perspectives","Japan: Archaeology, Environmental History and Multicultural Perspectives",1
43,japan-guide.comhttps://www.japan-guide.com › event,"Auto-scraped quiz reference for Japan: Archaeology, Environmental History and Multicultural Perspectives","Japan: Archaeology, Environmental History and Multicultural Perspectives",1
44,japan-guide.comhttps://www.japan-guide.com,"Auto-scraped quiz reference for Japan: Archaeology, Environmental History and Multicultural Perspectives","Japan: Archaeology, Environmental History and Multicultural Perspectives",1
45,japan-guide.comhttps://www.japan-guide.com › news › overtourism.html,"Auto-scraped quiz reference for Japan: Archaeology, Environmental History and Multicultural Perspectives","Japan: Archaeology, Environmental History and Multicultural Perspectives",1
46,merriam-webster.comhttps://www.merriam-webster.com › dictionary › topic,Auto-scraped quiz reference for Topics in Anthropology,Topics in Anthropology,1
47,thoughtco.comhttps://www.thoughtco.com,Auto-scraped quiz reference for Topics in Anthropology,Topics in Anthropology,1
48,thoughtco.comhttps://www.thoughtco.com,Auto-scraped quiz reference for Topics in Anthropology,Topics in Anthropology,1
49,collinsdictionary.comhttps://www.collinsdictionary.com › dictionary › english › topic,Auto-scraped quiz reference for Topics in Anthropology,Topics in Anthropology,1
50,thoughtco.comhttps://www.thoughtco.com,Auto-scraped quiz reference for Topics in Anthropology,Topics in Anthropology,1
51,epa.govhttps://www.epa.gov,Auto-scraped quiz reference for Environmental Archaeology,Environmental Archaeology,1
52,epa.govhttps://www.epa.gov › in,Auto-scraped quiz reference for Environmental Archaeology,Environmental Archaeology,1
53,epa.govhttps://www.epa.gov › environmental-topics,Auto-scraped quiz reference for Environmental Archaeology,Environmental Archaeology,1
54,epa.govhttps://www.epa.gov › laws-regulations,Auto-scraped quiz reference for Environmental Archaeology,Environmental Archaeology,1
55,who.inthttps://www.who.int › health-topics › environmental-health,Auto-scraped quiz reference for Environmental Archaeology,Environmental Archaeology,1
56,dryfta.comhttps://2020forum.dryfta.com,"Auto-scraped quiz reference for Ethnography: Methods, Ethics, and Practice","Ethnography: Methods, Ethics, and Practice",1
57,dryfta.comhttps://2020forum.dryfta.com › de › register › passwordreset,"Auto-scraped quiz reference for Ethnography: Methods, Ethics, and Practice","Ethnography: Methods, Ethics, and Practice",1
58,dryfta.comhttps://2020forum.dryfta.com › de,"Auto-scraped quiz reference for Ethnography: Methods, Ethics, and Practice","Ethnography: Methods, Ethics, and Practice",1
59,dryfta.comhttps://2020forum.dryfta.com › speakers › session-recommendations,"Auto-scraped quiz reference for Ethnography: Methods, Ethics, and Practice","Ethnography: Methods, Ethics, and Practice",1
60,dryfta.comhttps://2020forum.dryfta.com,"Auto-scraped quiz reference for Ethnography: Methods, Ethics, and Practice","Ethnography: Methods, Ethics, and Practice",1
61,public.comhttps://public.com,Auto-scraped quiz reference for Public Archaeology,Public Archaeology,1
62,public.comhttps://public.com › login,Auto-scraped quiz reference for Public Archaeology,Public Archaeology,1
63,public.comhttps://public.com › invest › stocks,Auto-scraped quiz reference for Public Archaeology,Public Archaeology,1
64,public.comhttps://public.com › about-us,Auto-scraped quiz reference for Public Archaeology,Public Archaeology,1
65,public.comhttps://public.com › high-yield-cash-account,Auto-scraped quiz reference for Public Archaeology,Public Archaeology,1
66,stackexchange.comhttps://english.stackexchange.com › questions,Auto-scraped quiz reference for Beginning Arabic I,Beginning Arabic I,1
67,stackexchange.comhttps://english.stackexchange.com › questions,Auto-scraped quiz reference for Beginning Arabic I,Beginning Arabic I,1
68,stackexchange.comhttps://english.stackexchange.com › questions,Auto-scraped quiz reference for Beginning Arabic I,Beginning Arabic I,1
69,stackexchange.comhttps://english.stackexchange.com › questions,Auto-scraped quiz reference for Beginning Arabic I,Beginning Arabic I,1
70,stackexchange.comhttps://english.stackexchange.com › questions,Auto-scraped quiz reference for Beginning Arabic I,Beginning Arabic I,1
71,stackexchange.comhttps://english.stackexchange.com › questions,Auto-scraped quiz reference for Beginning Arabic II,Beginning Arabic II,1
72,stackexchange.comhttps://english.stackexchange.com › questions,Auto-scraped quiz reference for Beginning Arabic II,Beginning Arabic II,1
73,stackexchange.comhttps://english.stackexchange.com › questions,Auto-scraped quiz reference for Beginning Arabic II,Beginning Arabic II,1
74,stackexchange.comhttps://english.stackexchange.com › questions,Auto-scraped quiz reference for Beginning Arabic II,Beginning Arabic II,1
75,stackexchange.comhttps://english.stackexchange.com › questions,Auto-scraped quiz reference for Beginning Arabic II,Beginning Arabic II,1
76,google.comhttps://support.google.com › mail › answer,Auto-scraped quiz reference for Language Table,Language Table,1
77,google.comhttps://support.google.com › maps › answer,Auto-scraped quiz reference for Language Table,Language Table,1
78,google.comhttps://support.google.com › gemini › answer,Auto-scraped quiz reference for Language Table,Language Table,1
79,google.comhttps://support.google.com › googlenest › answer,Auto-scraped quiz reference for Language Table,Language Table,1
80,google.comhttps://support.google.com › pixelphone › answer,Auto-scraped quiz reference for Language Table,Language Table,1
81,zhihu.comhttps://www.zhihu.com › question,Auto-scraped quiz reference for Intermediate Arabic I,Intermediate Arabic I,1
82,zhihu.comhttps://www.zhihu.com › question,Auto-scraped quiz reference for Intermediate Arabic I,Intermediate Arabic I,1
83,zhihu.comhttps://www.zhihu.com › question,Auto-scraped quiz reference for Intermediate Arabic I,Intermediate Arabic I,1
84,zhihu.comhttps://www.zhihu.com › question › answers › updated,Auto-scraped quiz reference for Intermediate Arabic I,Intermediate Arabic I,1
85,zhihu.comhttps://www.zhihu.com › question,Auto-scraped quiz reference for Intermediate Arabic I,Intermediate Arabic I,1
86,zhihu.comhttps://www.zhihu.com › question,Auto-scraped quiz reference for Intermediate Arabic II,Intermediate Arabic II,1
87,zhihu.comhttps://www.zhihu.com › question,Auto-scraped quiz reference for Intermediate Arabic II,Intermediate Arabic II,1
88,zhihu.comhttps://www.zhihu.com › question,Auto-scraped quiz reference for Intermediate Arabic II,Intermediate Arabic II,1
89,zhihu.comhttps://www.zhihu.com › question › answers › updated,Auto-scraped quiz reference for Intermediate Arabic II,Intermediate Arabic II,1
90,zhihu.comhttps://www.zhihu.com › question,Auto-scraped quiz reference for Intermediate Arabic II,Intermediate Arabic II,1
91,cre8pharmacy.comhttps://www.cre8pharmacy.com,Auto-scraped quiz reference for Cre8: The Art of Creativity,Cre8: The Art of Creativity,1
92,cre8pharmacy.comhttps://www.cre8pharmacy.com › about,Auto-scraped quiz reference for Cre8: The Art of Creativity,Cre8: The Art of Creativity,1
93,cre8pharmacy.comhttps://www.cre8pharmacy.com › contact,Auto-scraped quiz reference for Cre8: The Art of Creativity,Cre8: The Art of Creativity,1
94,cre8pharmacy.comhttps://www.cre8pharmacy.com › supplements,Auto-scraped quiz reference for Cre8: The Art of Creativity,Cre8: The Art of Creativity,1
95,cre8pharmacy.comhttps://www.cre8pharmacy.com › new-account,Auto-scraped quiz reference for Cre8: The Art of Creativity,Cre8: The Art of Creativity,1
96,zhihu.comhttps://www.zhihu.com › question,"Auto-scraped quiz reference for Surface, Space, Time (2D)","Surface, Space, Time (2D)",1
97,zhihu.comhttps://www.zhihu.com › question,"Auto-scraped quiz reference for Surface, Space, Time (2D)","Surface, Space, Time (2D)",1
98,zhihu.comhttps://www.zhihu.com › question,"Auto-scraped quiz reference for Surface, Space, Time (2D)","Surface, Space, Time (2D)",1
99,zhihu.comhttps://www.zhihu.com › question,"Auto-scraped quiz reference for Surface, Space, Time (2D)","Surface, Space, Time (2D)",1
100,zhihu.comhttps://www.zhihu.com › question,"Auto-scraped quiz reference for Surface, Space, Time (2D)","Surface, Space, Time (2D)",1
101,zhihu.comhttps://www.zhihu.com › question,"Auto-scraped quiz reference for Surface, Space, Time (3D)","Surface, Space, Time (3D)",1
102,zhihu.comhttps://www.zhihu.com › question,"Auto-scraped quiz reference for Surface, Space, Time (3D)","Surface, Space, Time (3D)",1
103,zhihu.comhttps://www.zhihu.com › question,"Auto-scraped quiz reference for Surface, Space, Time (3D)","Surface, Space, Time (3D)",1
104,zhihu.comhttps://www.zhihu.com › question,"Auto-scraped quiz reference for Surface, Space, Time (3D)","Surface, Space, Time (3D)",1
105,zhihu.comhttps://www.zhihu.com › question,"Auto-scraped quiz reference for Surface, Space, Time (3D)","Surface, Space, Time (3D)",1
106,merriam-webster.comhttps://www.merriam-webster.com › dictionary › fundamental,Auto-scraped quiz reference for Fundamentals of Perceptual Drawing,Fundamentals of Perceptual Drawing,1
107,cambridge.orghttps://dictionary.cambridge.org › dictionary › english › fundamentals,Auto-scraped quiz reference for Fundamentals of Perceptual Drawing,Fundamentals of Perceptual Drawing,1
108,investopedia.comhttps://www.investopedia.com › terms › fundamentals.asp,Auto-scraped quiz reference for Fundamentals of Perceptual Drawing,Fundamentals of Perceptual Drawing,1
109,dictionary.comhttps://www.dictionary.com › browse › fundamental,Auto-scraped quiz reference for Fundamentals of Perceptual Drawing,Fundamentals of Perceptual Drawing,1
110,wikipedia.orghttps://en.wikipedia.org › wiki › Fundamental,Auto-scraped quiz reference for Fundamentals of Perceptual Drawing,Fundamentals of Perceptual Drawing,1
111,zhihu.comhttps://www.zhihu.com › question,Auto-scraped quiz reference for The Power of Amateur Photography,The Power of Amateur Photography,1
112,zhihu.comhttps://www.zhihu.com,Auto-scraped quiz reference for The Power of Amateur Photography,The Power of Amateur Photography,1
113,cathe.comhttps://cathe.com,Auto-scraped quiz reference for The Power of Amateur Photography,The Power of Amateur Photography,1
114,zhihu.comhttps://www.zhihu.com › question,Auto-scraped quiz reference for The Power of Amateur Photography,The Power of Amateur Photography,1
115,cathe.comhttps://cathe.com,Auto-scraped quiz reference for The Power of Amateur Photography,The Power of Amateur Photography,1
116,ibm.comhttps://www.ibm.com › think › topics › digital-transformation,Auto-scraped quiz reference for Digital Art & Design,Digital Art & Design,1
117,ibm.comhttps://www.ibm.com › products › digital-asset-haven,Auto-scraped quiz reference for Digital Art & Design,Digital Art & Design,1
118,ibm.comhttps://www.ibm.com › es-es › think › topics › digital-transformation,Auto-scraped quiz reference for Digital Art & Design,Digital Art & Design,1
119,ibm.comhttps://www.ibm.com › think › topics › digital-identity,Auto-scraped quiz reference for Digital Art & Design,Digital Art & Design,1
120,ibm.comhttps://www.ibm.com › think › topics › digital-forensics,Auto-scraped quiz reference for Digital Art & Design,Digital Art & Design,1
121,zhihu.comhttps://www.zhihu.com › question,Auto-scraped quiz reference for Introduction to Ceramics I,Introduction to Ceramics I,1
122,zhihu.comhttps://www.zhihu.com › question,Auto-scraped quiz reference for Introduction to Ceramics I,Introduction to Ceramics I,1
123,stackexchange.comhttps://english.stackexchange.com › questions,Auto-scraped quiz reference for Introduction to Ceramics I,Introduction to Ceramics I,1
124,stackexchange.comhttps://english.stackexchange.com › questions,Auto-scraped quiz reference for Introduction to Ceramics I,Introduction to Ceramics I,1
125,zhihu.comhttps://www.zhihu.com › question,Auto-scraped quiz reference for Introduction to Ceramics I,Introduction to Ceramics I,1
126,zhihu.comhttps://www.zhihu.com › question,Auto-scraped quiz reference for Introduction to Ceramics II,Introduction to Ceramics II,1
127,zhihu.comhttps://www.zhihu.com › question,Auto-scraped quiz reference for Introduction to Ceramics II,Introduction to Ceramics II,1
128,stackexchange.comhttps://english.stackexchange.com › questions,Auto-scraped quiz reference for Introduction to Ceramics II,Introduction to Ceramics II,1
129,stackexchange.comhttps://english.stackexchange.com › questions,Auto-scraped quiz reference for Introduction to Ceramics II,Introduction to Ceramics II,1
130,zhihu.comhttps://www.zhihu.com › question,Auto-scraped quiz reference for Introduction to Ceramics II,Introduction to Ceramics II,1
131,zhihu.comhttps://www.zhihu.com › question,Auto-scraped quiz reference for Introduction to The Visual Book,Introduction to The Visual Book,1
132,zhihu.comhttps://www.zhihu.com › question,Auto-scraped quiz reference for Introduction to The Visual Book,Introduction to The Visual Book,1
133,stackexchange.comhttps://english.stackexchange.com › questions,Auto-scraped quiz reference for Introduction to The Visual Book,Introduction to The Visual Book,1
134,stackexchange.comhttps://english.stackexchange.com › questions,Auto-scraped quiz reference for Introduction to The Visual Book,Introduction to The Visual Book,1
135,zhihu.comhttps://www.zhihu.com › question,Auto-scraped quiz reference for Introduction to The Visual Book,Introduction to The Visual Book,1
136,sketch.iohttps://sketch.io › sketch,Auto-scraped quiz reference for Drawing: Media and Strategies,Drawing: Media and Strategies,1
137,sketch.iohttps://sketch.io,Auto-scraped quiz reference for Drawing: Media and Strategies,Drawing: Media and Strategies,1
138,sketch.iohttps://sketch.io,Auto-scraped quiz reference for Drawing: Media and Strategies,Drawing: Media and Strategies,1
139,sketch.iohttps://sketch.io › mobile,Auto-scraped quiz reference for Drawing: Media and Strategies,Drawing: Media and Strategies,1
140,sketch.iohttps://sketch.io,Auto-scraped quiz reference for Drawing: Media and Strategies,Drawing: Media and Strategies,1
141,zhihu.comhttps://www.zhihu.com › question,Auto-scraped quiz reference for Introduction to Painting,Introduction to Painting,1
142,zhihu.comhttps://www.zhihu.com › question,Auto-scraped quiz reference for Introduction to Painting,Introduction to Painting,1
143,stackexchange.comhttps://english.stackexchange.com › questions,Auto-scraped quiz reference for Introduction to Painting,Introduction to Painting,1
144,stackexchange.comhttps://english.stackexchange.com › questions,Auto-scraped quiz reference for Introduction to Painting,Introduction to Painting,1
145,zhihu.comhttps://www.zhihu.com › question,Auto-scraped quiz reference for Introduction to Painting,Introduction to Painting,1
146,cambridge.orghttps://dictionary.cambridge.org › zhs › 词典 › 英语-汉语-简体 › photogra…,Auto-scraped quiz reference for Photography: Analog to Digital,Photography: Analog to Digital,1
147,cambridge.orghttps://dictionary.cambridge.org › zht › 詞典 › 英語-漢語-繁體 › photogra…,Auto-scraped quiz reference for Photography: Analog to Digital,Photography: Analog to Digital,1
148,cambridge.orghttps://dictionary.cambridge.org › dictionary › english › photography,Auto-scraped quiz reference for Photography: Analog to Digital,Photography: Analog to Digital,1
149,photo.nethttps://www.photo.net,Auto-scraped quiz reference for Photography: Analog to Digital,Photography: Analog to Digital,1
150,cambridge.orghttps://dictionary.cambridge.org › vi › dictionary › english › photography,Auto-scraped quiz reference for Photography: Analog to Digital,Photography: Analog to Digital,1
